UniProtID,Unnamed: 0,proteinNames,txt_subunit,geneNames,subunitnumber
E6U5D7,0,['Bifunctional protein PyrR'],Homodimer and homohexamer; in equilibrium.,"['pyrR', 'Ethha_0013']",2
E6U5D8,1,"['Dihydroorotase', 'DHOase']",Homodimer and homohexamer; in equilibrium.,"['pyrC', 'Ethha_0014']",2
E6U5D9,2,["Orotidine 5'-phosphate decarboxylase"],Homodimer and homohexamer; in equilibrium.,"['pyrF', 'Ethha_0015']",2
E6U5E0,3,['Carbamoyl-phosphate synthase small chain'],"Composed of two chains; the small (or glutamine) chain promotes the hydrolysis of glutamine to ammonia, which is used by the large (or ammonia) chain to synthesize carbamoyl phosphate.","['carA', 'Ethha_0016']",2
E6U5E1,4,['Carbamoyl-phosphate synthase large chain'],"Composed of two chains; the small (or glutamine) chain promotes the hydrolysis of glutamine to ammonia, which is used by the large (or ammonia) chain to synthesize carbamoyl phosphate.","['carB', 'Ethha_0017']",2
E6U5E2,5,"['Dihydroorotate dehydrogenase, electron transfer subunit, iron-sulfur cluster binding domain']","Composed of two chains; the small (or glutamine) chain promotes the hydrolysis of glutamine to ammonia, which is used by the large (or ammonia) chain to synthesize carbamoyl phosphate.",['Ethha_0018'],2
E6U5E3,6,['Dihydroorotate dehydrogenase'],"Composed of two chains; the small (or glutamine) chain promotes the hydrolysis of glutamine to ammonia, which is used by the large (or ammonia) chain to synthesize carbamoyl phosphate.","['pyrD', 'Ethha_0019']",2
E6U5F0,7,['Phosphate transporter'],"Composed of two chains; the small (or glutamine) chain promotes the hydrolysis of glutamine to ammonia, which is used by the large (or ammonia) chain to synthesize carbamoyl phosphate.",['Ethha_0026'],2
E6U5F2,8,"['Hydroxymethylpyrimidine/phosphomethylpyrimidine kinase', 'Hydroxymethylpyrimidine kinase', 'Hydroxymethylpyrimidine phosphate kinase']","Composed of two chains; the small (or glutamine) chain promotes the hydrolysis of glutamine to ammonia, which is used by the large (or ammonia) chain to synthesize carbamoyl phosphate.",['Ethha_0028'],2
E6U5F6,9,['Phosphoserine aminotransferase'],Homodimer.,"['serC', 'Ethha_0032']",2
E6U5F7,10,['D-3-phosphoglycerate dehydrogenase'],Homodimer.,['Ethha_0033'],2
E6U5G1,11,['Ribulose-phosphate 3-epimerase'],Homodimer.,"['rpe', 'Ethha_0037']",2
E6U5G3,12,['L-aspartate oxidase'],Homodimer.,['Ethha_0039'],2
E6U5G4,13,['nicotinate-nucleotide diphosphorylase (carboxylating)'],Homodimer.,['Ethha_0040'],2
E6U5G8,14,['Riboflavin transporter'],Homodimer.,['Ethha_0044'],2
E6U5H2,15,['Fumarate lyase'],Homodimer.,['Ethha_0048'],2
E6U5H4,16,['inorganic diphosphatase'],Homodimer.,['Ethha_0050'],2
E6U5I9,17,['3-methyl-2-oxobutanoate hydroxymethyltransferase'],Homodecamer; pentamer of dimers.,"['panB', 'Ethha_0066']",10
E6U5J0,18,"['Pantothenate synthetase', 'PS', 'Pantoate--beta-alanine ligase', 'Pantoate-activating enzyme']",Homodimer.,"['panC', 'Ethha_0067']",2
E6U634,19,['Thioredoxin'],Homodimer.,['Ethha_0126'],2
E6U642,20,"[""Pyridoxal 5'-phosphate synthase subunit PdxS"", 'PLP synthase subunit PdxS']","In the presence of PdxT, forms a dodecamer of heterodimers.","['pdxS', 'Ethha_0134']",12
E6U643,21,"[""Pyridoxal 5'-phosphate synthase subunit PdxT"", 'Pdx2', ""Pyridoxal 5'-phosphate synthase glutaminase subunit""]","In the presence of PdxS, forms a dodecamer of heterodimers. Only shows activity in the heterodimer.","['pdxT', 'Ethha_0135']",12
E6U646,22,"['Gamma-glutamyl phosphate reductase', 'GPR', 'Glutamate-5-semialdehyde dehydrogenase', 'Glutamyl-gamma-semialdehyde dehydrogenase', 'GSA dehydrogenase']","In the presence of PdxS, forms a dodecamer of heterodimers. Only shows activity in the heterodimer.","['proA', 'Ethha_0138']",12
E6U647,23,['Glutamate 5-kinase'],"In the presence of PdxS, forms a dodecamer of heterodimers. Only shows activity in the heterodimer.","['proB', 'Ethha_0139']",12
E6U649,24,['Biotin and thiamin synthesis associated'],"In the presence of PdxS, forms a dodecamer of heterodimers. Only shows activity in the heterodimer.",['Ethha_0141'],12
E6U651,25,['ornithine carbamoyltransferase'],"In the presence of PdxS, forms a dodecamer of heterodimers. Only shows activity in the heterodimer.",['Ethha_0143'],12
E6U652,26,"['Acetylornithine aminotransferase', 'ACOAT']",Homodimer.,"['argD', 'Ethha_0144']",2
E6U654,27,"['Acetylglutamate kinase', 'N-acetyl-L-glutamate 5-phosphotransferase', 'NAG kinase', 'NAGK']",Homodimer.,"['argB', 'Ethha_0146']",2
E6U655,28,['Arginine biosynthesis bifunctional protein ArgJ'],Heterotetramer of two alpha and two beta chains.,"['argJ', 'Ethha_0147']",2
E6U656,29,"['N-acetyl-gamma-glutamyl-phosphate reductase', 'AGPR']",Heterotetramer of two alpha and two beta chains.,"['argC', 'Ethha_0148']",2
E6U657,30,"['Argininosuccinate lyase', 'ASAL']",Heterotetramer of two alpha and two beta chains.,"['argH', 'Ethha_0149']",2
E6U658,31,['Argininosuccinate synthase'],Homotetramer.,"['argG', 'Ethha_0150']",4
E6U661,32,"['Dihydroxy-acid dehydratase', 'DAD']",Homodimer.,"['ilvD', 'Ethha_0153']",2
E6U6N5,33,['Acetolactate synthase'],Homodimer.,['Ethha_0181'],2
E6U6N6,34,['Acetolactate synthase small subunit'],Dimer of large and small chains.,['Ethha_0182'],1
E6U6N7,35,"['Ketol-acid reductoisomerase (NADP(+))', 'KARI', 'Acetohydroxy-acid isomeroreductase', 'AHIR', 'Alpha-keto-beta-hydroxylacyl reductoisomerase']",Dimer of large and small chains.,"['ilvC', 'Ethha_0183']",1
E6U6P2,36,"['N5-carboxyaminoimidazole ribonucleotide mutase', 'N5-CAIR mutase']",Dimer of large and small chains.,"['purE', 'Ethha_0188']",1
E6U6P3,37,['Phosphoribosylaminoimidazole-succinocarboxamide synthase'],Dimer of large and small chains.,"['purC', 'Ethha_0189']",1
E6U6P4,38,"['Amidophosphoribosyltransferase', 'ATase']",Dimer of large and small chains.,"['purF', 'Ethha_0190']",1
E6U6P5,39,"['Phosphoribosylformylglycinamidine cyclo-ligase', 'AIR synthase', 'AIRS', 'Phosphoribosyl-aminoimidazole synthetase']",Dimer of large and small chains.,"['purM', 'Ethha_0191']",1
E6U6P6,40,"['Phosphoribosylglycinamide formyltransferase', ""5'-phosphoribosylglycinamide transformylase"", 'GAR transformylase', 'GART']",Dimer of large and small chains.,"['purN', 'Ethha_0192']",1
E6U6P7,41,['ribose-phosphate diphosphokinase'],Dimer of large and small chains.,['Ethha_0193'],1
E6U6Q0,42,['GCN5-related N-acetyltransferase'],Dimer of large and small chains.,['Ethha_0196'],1
E6U6Q1,43,['Bifunctional purine biosynthesis protein PurH'],Dimer of large and small chains.,"['purH', 'Ethha_0197']",1
E6U6Q2,44,"['Phosphoribosylamine--glycine ligase', 'GARS', 'Glycinamide ribonucleotide synthetase', 'Phosphoribosylglycinamide synthetase']",Dimer of large and small chains.,"['purD', 'Ethha_0198']",1
E6U6Q4,45,['Phosphoglycerate mutase'],Dimer of large and small chains.,['Ethha_0200'],1
E6U6Q9,46,['Extracellular solute-binding protein family 5'],Dimer of large and small chains.,['Ethha_0205'],1
E6U6S2,47,['Peptidase M24'],Dimer of large and small chains.,['Ethha_0218'],1
E6U6S3,48,"['3-dehydroquinate dehydratase', '3-dehydroquinase']",Homododecamer.,"['aroQ', 'Ethha_0219']",12
E6U783,49,"['Pyruvate/ketoisovalerate oxidoreductase, catalytic domain']",Homododecamer.,['Ethha_0231'],12
E6U784,50,['Thiamine pyrophosphate TPP-binding domain-containing protein'],Homododecamer.,['Ethha_0232'],12
E6U785,51,['Pyruvate flavodoxin/ferredoxin oxidoreductase domain protein'],Homododecamer.,['Ethha_0233'],12
E6U786,52,"['2-oxoglutarate ferredoxin oxidoreductase, delta subunit']",Homododecamer.,['Ethha_0234'],12
E6U788,53,"['Phosphomethylpyrimidine synthase', 'Hydroxymethylpyrimidine phosphate synthase']",Homododecamer.,"['thiC', 'Ethha_0236']",12
E6U792,54,"['Glycosyl transferase, family 4, conserved region']",Homododecamer.,['Ethha_0240'],12
E6U794,55,"['Putative transcriptional regulator, GntR family']",Homododecamer.,['Ethha_0242'],12
E6U795,56,['Glutamate--tRNA ligase'],Monomer.,"['gltX', 'Ethha_0243']",1
E6U796,57,['Phosphate-binding protein'],"The complex is composed of two ATP-binding proteins (PstB), two transmembrane proteins (PstC and PstA) and a solute-binding protein (PstS).",['Ethha_0244'],1
E6U797,58,['Phosphate transport system permease protein'],"The complex is composed of two ATP-binding proteins (PstB), two transmembrane proteins (PstC and PstA) and a solute-binding protein (PstS).",['Ethha_0245'],1
E6U798,59,['Phosphate transport system permease protein PstA'],"The complex is composed of two ATP-binding proteins (PstB), two transmembrane proteins (PstC and PstA) and a solute-binding protein (PstS).",['Ethha_0246'],1
E6U799,60,"['Phosphate ABC transporter, ATPase subunit']","The complex is composed of two ATP-binding proteins (PstB), two transmembrane proteins (PstC and PstA) and a solute-binding protein (PstS).",['Ethha_0247'],1
E6U7A3,61,['Acylphosphatase'],"The complex is composed of two ATP-binding proteins (PstB), two transmembrane proteins (PstC and PstA) and a solute-binding protein (PstS).",['Ethha_0251'],1
E6U7A4,62,['O-acetylhomoserine/O-acetylserine sulfhydrylase'],"The complex is composed of two ATP-binding proteins (PstB), two transmembrane proteins (PstC and PstA) and a solute-binding protein (PstS).",['Ethha_0252'],1
E6U7B1,63,['3-hydroxyacyl-CoA dehydrogenase NAD-binding protein'],"The complex is composed of two ATP-binding proteins (PstB), two transmembrane proteins (PstC and PstA) and a solute-binding protein (PstS).",['Ethha_0260'],1
E6U7B2,64,['Acyl-CoA dehydrogenase domain-containing protein'],"The complex is composed of two ATP-binding proteins (PstB), two transmembrane proteins (PstC and PstA) and a solute-binding protein (PstS).",['Ethha_0261'],1
E6U7B5,65,['ABC transporter related protein'],"The complex is composed of two ATP-binding proteins (PstB), two transmembrane proteins (PstC and PstA) and a solute-binding protein (PstS).",['Ethha_0264'],1
E6U7C8,66,["Inosine-5'-monophosphate dehydrogenase"],Homotetramer.,"['guaB', 'Ethha_0277']",4
E6U7D9,67,"['Methylglyoxal synthase', 'MGS']",Homotetramer.,"['mgsA', 'Ethha_0288']",4
E6U7E9,68,['dUTP diphosphatase'],Homotetramer.,['Ethha_0298'],4
E6U7F1,69,"['Alkyl hydroperoxide reductase C', 'Peroxiredoxin', 'Thioredoxin peroxidase']",Homodimer.,['Ethha_0300'],2
E6U7V9,70,['Pyruvate kinase'],Homodimer.,['Ethha_0305'],2
E6U7W0,71,['Serine-type D-Ala-D-Ala carboxypeptidase'],Homodimer.,['Ethha_0306'],2
E6U7X0,72,"['Acyl carrier protein', 'ACP']",Homodimer.,"['acpP', 'Ethha_0316']",2
E6U7X6,73,"['dITP/XTP pyrophosphatase', 'Non-canonical purine NTP pyrophosphatase', 'Non-standard purine NTP pyrophosphatase', 'Nucleoside-triphosphate diphosphatase', 'Nucleoside-triphosphate pyrophosphatase', 'NTPase']",Homodimer.,['Ethha_0322'],2
E6U7X9,74,"['Probable nicotinate-nucleotide adenylyltransferase', 'Deamido-NAD(+) diphosphorylase', 'Deamido-NAD(+) pyrophosphorylase', 'Nicotinate mononucleotide adenylyltransferase', 'NaMN adenylyltransferase']",Homodimer.,"['nadD', 'Ethha_0325']",2
E6U7Y5,75,['ABC transporter related protein'],Homodimer.,['Ethha_0331'],2
E6U7Z2,76,['GTP diphosphokinase'],Homodimer.,['Ethha_0338'],2
E6U7Z7,77,['Phosphoribulokinase / uridine kinase family protein'],Homodimer.,['Ethha_0343'],2
E6U7Z9,78,['Purine nucleoside phosphorylase'],Homodimer.,['Ethha_0345'],2
E6U800,79,['MazG family protein'],Homodimer.,['Ethha_0346'],2
E6U808,80,['Thioredoxin reductase'],Homodimer.,['Ethha_0354'],2
E6U8I2,81,"['Adenylate kinase', 'AK', 'ATP-AMP transphosphorylase', 'ATP:AMP phosphotransferase', 'Adenylate monophosphate kinase']",Monomer.,"['adk', 'Ethha_0388']",1
E6U8I3,82,['Methionine aminopeptidase'],Monomer.,"['map', 'Ethha_0389']",1
E6U8J4,83,['adenosylhomocysteine nucleosidase'],Monomer.,['Ethha_0400'],1
E6U8J5,84,"['Glutamine synthetase', 'Glutamate--ammonia ligase', 'Glutamine synthetase I alpha']",Monomer.,['Ethha_0401'],1
E6U8M1,85,"['Glutamine--fructose-6-phosphate aminotransferase [isomerizing]', 'D-fructose-6-phosphate amidotransferase', 'GFAT', 'Glucosamine-6-phosphate synthase', 'Hexosephosphate aminotransferase', 'L-glutamine--D-fructose-6-phosphate amidotransferase']",Homodimer.,"['glmS', 'Ethha_0427']",2
E6U8M9,86,['Threonine synthase'],Homodimer.,['Ethha_0435'],2
E6U8N8,87,['Diaminopimelate decarboxylase'],Homodimer.,"['lysA', 'Ethha_0444']",2
E6U8P1,88,['Serine hydroxymethyltransferase'],Homodimer.,"['glyA', 'Ethha_0447']",2
E6U8X1,89,['Glycosyl transferase family 2'],Homodimer.,['Ethha_0450'],2
E6U8X8,90,['UDP-N-acetylglucosamine--N-acetylmuramyl-(pentapeptide) pyrophosphoryl-undecaprenol N-acetylglucosamine transferase'],Homodimer.,"['murG', 'Ethha_0457']",2
E6U8Y0,91,['Divalent metal cation transporter MntH'],Homodimer.,"['mntH', 'Ethha_0459']",2
E6U9D4,92,['LPXTG-motif cell wall anchor domain protein'],Homodimer.,['Ethha_0547'],2
E6U9E7,93,['Binding-protein-dependent transport systems inner membrane component'],Homodimer.,['Ethha_0561'],2
E6U9E8,94,['Binding-protein-dependent transport systems inner membrane component'],Homodimer.,['Ethha_0562'],2
E6U9F2,95,['Phosphohexomutase'],Homodimer.,['Ethha_0566'],2
E6U9F3,96,"['Phosphotransferase system, phosphocarrier protein HPr']",Homodimer.,['Ethha_0567'],2
E6U9F4,97,['protein-N(pi)-phosphohistidine--D-fructose phosphotransferase'],Homodimer.,['Ethha_0568'],2
E6U9G4,98,['Aldehyde Dehydrogenase'],Homodimer.,['Ethha_0578'],2
E6U9G5,99,['Aminotransferase class-III'],Homodimer.,['Ethha_0579'],2
E6U9G6,100,['Iron-containing alcohol dehydrogenase'],Homodimer.,['Ethha_0580'],2
E6U9H0,101,['Spermidine/putrescine import ATP-binding protein PotA'],"The complex is composed of two ATP-binding proteins (PotA), two transmembrane proteins (PotB and PotC) and a solute-binding protein (PotD).","['potA', 'Ethha_0584']",1
E6U9H1,102,['Binding-protein-dependent transport systems inner membrane component'],"The complex is composed of two ATP-binding proteins (PotA), two transmembrane proteins (PotB and PotC) and a solute-binding protein (PotD).",['Ethha_0585'],1
E6U9H2,103,['Binding-protein-dependent transport systems inner membrane component'],"The complex is composed of two ATP-binding proteins (PotA), two transmembrane proteins (PotB and PotC) and a solute-binding protein (PotD).",['Ethha_0586'],1
E6U9H3,104,['Aminotransferase class-III'],"The complex is composed of two ATP-binding proteins (PotA), two transmembrane proteins (PotB and PotC) and a solute-binding protein (PotD).",['Ethha_0587'],1
E6U9H7,105,['ABC transporter related protein'],"The complex is composed of two ATP-binding proteins (PotA), two transmembrane proteins (PotB and PotC) and a solute-binding protein (PotD).",['Ethha_0591'],1
E6U9I7,106,"['Putative transcriptional regulator, GntR family']","The complex is composed of two ATP-binding proteins (PotA), two transmembrane proteins (PotB and PotC) and a solute-binding protein (PotD).",['Ethha_0604'],1
E6U9R9,107,['Thioredoxin'],"The complex is composed of two ATP-binding proteins (PotA), two transmembrane proteins (PotB and PotC) and a solute-binding protein (PotD).",['Ethha_0611'],1
E6U9T2,108,['Aldehyde dehydrogenase domain-containing protein'],"The complex is composed of two ATP-binding proteins (PotA), two transmembrane proteins (PotB and PotC) and a solute-binding protein (PotD).",['Ethha_0625'],1
E6U9U0,109,"['6,7-dimethyl-8-ribityllumazine synthase']","The complex is composed of two ATP-binding proteins (PotA), two transmembrane proteins (PotB and PotC) and a solute-binding protein (PotD).","['ribH', 'Ethha_0634']",1
E6U9U1,110,['Riboflavin biosynthesis protein RibBA'],"The complex is composed of two ATP-binding proteins (PotA), two transmembrane proteins (PotB and PotC) and a solute-binding protein (PotD).","['ribBA', 'Ethha_0635']",1
E6U9U2,111,['Riboflavin synthase'],"The complex is composed of two ATP-binding proteins (PotA), two transmembrane proteins (PotB and PotC) and a solute-binding protein (PotD).",['Ethha_0636'],1
E6U9U3,112,['Riboflavin biosynthesis protein RibD'],"The complex is composed of two ATP-binding proteins (PotA), two transmembrane proteins (PotB and PotC) and a solute-binding protein (PotD).",['Ethha_0637'],1
E6U9V7,113,['UDP-glucose 6-dehydrogenase'],"The complex is composed of two ATP-binding proteins (PotA), two transmembrane proteins (PotB and PotC) and a solute-binding protein (PotD).",['Ethha_0653'],1
E6U9V8,114,['UDP-galactopyranose mutase'],"The complex is composed of two ATP-binding proteins (PotA), two transmembrane proteins (PotB and PotC) and a solute-binding protein (PotD).",['Ethha_0654'],1
E6U9V9,115,['Probable transaldolase'],"The complex is composed of two ATP-binding proteins (PotA), two transmembrane proteins (PotB and PotC) and a solute-binding protein (PotD).","['tal', 'Ethha_0655']",1
E6U9W1,116,['Biotin transporter'],"The complex is composed of two ATP-binding proteins (PotA), two transmembrane proteins (PotB and PotC) and a solute-binding protein (PotD).",['Ethha_0658'],1
E6U9X0,117,['Nucleotide sugar dehydrogenase'],"The complex is composed of two ATP-binding proteins (PotA), two transmembrane proteins (PotB and PotC) and a solute-binding protein (PotD).",['Ethha_0667'],1
E6U9Y3,118,['Aldehyde Dehydrogenase'],"The complex is composed of two ATP-binding proteins (PotA), two transmembrane proteins (PotB and PotC) and a solute-binding protein (PotD).",['Ethha_0680'],1
E6U9Y8,119,['Cysteine synthase'],"The complex is composed of two ATP-binding proteins (PotA), two transmembrane proteins (PotB and PotC) and a solute-binding protein (PotD).",['Ethha_0685'],1
E6U2I3,120,['Transketolase domain-containing protein'],"The complex is composed of two ATP-binding proteins (PotA), two transmembrane proteins (PotB and PotC) and a solute-binding protein (PotD).",['Ethha_0705'],1
E6U2I4,121,['Transketolase central region'],"The complex is composed of two ATP-binding proteins (PotA), two transmembrane proteins (PotB and PotC) and a solute-binding protein (PotD).",['Ethha_0706'],1
E6U2I5,122,['P-type Ca(2+) transporter'],"The complex is composed of two ATP-binding proteins (PotA), two transmembrane proteins (PotB and PotC) and a solute-binding protein (PotD).",['Ethha_0707'],1
E6U2I7,123,['Branched-chain-amino-acid aminotransferase'],"The complex is composed of two ATP-binding proteins (PotA), two transmembrane proteins (PotB and PotC) and a solute-binding protein (PotD).",['Ethha_0709'],1
E6U2I8,124,"['UDP-N-acetylglucosamine 1-carboxyvinyltransferase', 'Enoylpyruvate transferase', 'UDP-N-acetylglucosamine enolpyruvyl transferase', 'EPT']","The complex is composed of two ATP-binding proteins (PotA), two transmembrane proteins (PotB and PotC) and a solute-binding protein (PotD).","['murA', 'Ethha_0710']",1
E6U2J7,125,"['Phosphotransferase system, phosphocarrier protein HPr']","The complex is composed of two ATP-binding proteins (PotA), two transmembrane proteins (PotB and PotC) and a solute-binding protein (PotD).",['Ethha_0719'],1
E6U2J8,126,['Phosphoenolpyruvate-protein phosphotransferase'],"The complex is composed of two ATP-binding proteins (PotA), two transmembrane proteins (PotB and PotC) and a solute-binding protein (PotD).",['Ethha_0720'],1
E6U2K0,127,"['PTS system, glucose subfamily, IIA subunit']","The complex is composed of two ATP-binding proteins (PotA), two transmembrane proteins (PotB and PotC) and a solute-binding protein (PotD).",['Ethha_0722'],1
E6U2K8,128,['fructose-bisphosphate aldolase'],"The complex is composed of two ATP-binding proteins (PotA), two transmembrane proteins (PotB and PotC) and a solute-binding protein (PotD).",['Ethha_0730'],1
E6U2L0,129,['Glutamate decarboxylase'],"The complex is composed of two ATP-binding proteins (PotA), two transmembrane proteins (PotB and PotC) and a solute-binding protein (PotD).",['Ethha_0732'],1
E6U2L1,130,['Carboxynorspermidine/carboxyspermidine decarboxylase'],Homodimer.,['Ethha_0733'],2
E6U2L2,131,['Saccharopine dehydrogenase'],Homodimer.,['Ethha_0734'],2
E6U2L3,132,"['Polyamine aminopropyltransferase', 'Putrescine aminopropyltransferase', 'PAPT', 'Spermidine synthase']",Homodimer or homotetramer.,"['speE', 'Ethha_0735']",2
E6U2L4,133,['Orn/Lys/Arg decarboxylase major region'],Homodimer or homotetramer.,['Ethha_0736'],2
E6U2L5,134,"['Hydro-lyase, Fe-S type, tartrate/fumarate subfamily, alpha subunit']",Homodimer or homotetramer.,['Ethha_0737'],2
E6U2L6,135,['L(+)-tartrate dehydratase subunit beta'],Heterotetramer of two alpha and two beta subunits.,['Ethha_0738'],2
E6U2L7,136,['Malic protein NAD-binding protein'],Heterotetramer of two alpha and two beta subunits.,['Ethha_0739'],2
E6U2M1,137,['Alpha-glucosidase'],Heterotetramer of two alpha and two beta subunits.,['Ethha_0743'],2
E6U2M6,138,['Alpha amylase catalytic region'],Heterotetramer of two alpha and two beta subunits.,['Ethha_0748'],2
E6U2N1,139,['Binding-protein-dependent transport systems inner membrane component'],Heterotetramer of two alpha and two beta subunits.,['Ethha_0753'],2
E6U2N2,140,['Binding-protein-dependent transport systems inner membrane component'],Heterotetramer of two alpha and two beta subunits.,['Ethha_0754'],2
E6U2N3,141,['Beta-galactosidase'],Heterotetramer of two alpha and two beta subunits.,['Ethha_0755'],2
E6U2N4,142,['Beta-galactosidase'],Heterotetramer of two alpha and two beta subunits.,['Ethha_0756'],2
E6U2N5,143,['Aldose 1-epimerase'],Heterotetramer of two alpha and two beta subunits.,['Ethha_0757'],2
E6U2N6,144,['Galactokinase'],Heterotetramer of two alpha and two beta subunits.,['Ethha_0758'],2
E6U2N7,145,['Galactose-1-phosphate uridylyltransferase'],Heterotetramer of two alpha and two beta subunits.,['Ethha_0759'],2
E6U2W2,146,['UDP-glucose 4-epimerase'],Homodimer.,['Ethha_0760'],2
E6U2W3,147,"['D-alanine--D-alanine ligase', 'D-Ala-D-Ala ligase', 'D-alanylalanine synthetase']",Homodimer.,"['ddl', 'Ethha_0761']",2
E6U2W4,148,['Glutamate racemase'],Homodimer.,"['murI', 'Ethha_0762']",2
E6U2W8,149,"['Homoserine O-acetyltransferase', 'HAT']",Homodimer.,"['metAA', 'Ethha_0766']",2
E6U2X2,150,['GCN5-related N-acetyltransferase'],Homodimer.,['Ethha_0770'],2
E6U2X7,151,['Citrate synthase'],Homodimer.,['Ethha_0775'],2
E6U2X9,152,['Serine acetyltransferase'],Homodimer.,['Ethha_0777'],2
E6U2Y3,153,['ribose-5-phosphate isomerase'],Homodimer.,['Ethha_0781'],2
E6U307,154,['UDP-glucose 4-epimerase'],Homodimer.,['Ethha_0805'],2
E6U317,155,['PTS system mannose/fructose/sorbose family IID component'],Homodimer.,['Ethha_0815'],2
E6U318,156,['Phosphotransferase system PTS sorbose-specific IIC subunit'],Homodimer.,['Ethha_0816'],2
E6U319,157,['PTS system sorbose subfamily IIB component'],Homodimer.,['Ethha_0817'],2
E6U320,158,['PTS system fructose subfamily IIA component'],Homodimer.,['Ethha_0818'],2
E6U328,159,['Sucrose-6-phosphate hydrolase'],Homodimer.,['Ethha_0826'],2
E6U329,160,"['PTS system, sucrose-specific IIBC subunit']",Homodimer.,['Ethha_0827'],2
E6U3A7,161,"['Xanthine phosphoribosyltransferase', 'XPRTase']",Homodimer.,"['xpt', 'Ethha_0830']",2
E6U3A8,162,"['HAD-superfamily hydrolase, subfamily IA, variant 1']",Homodimer.,['Ethha_0831'],2
E6U3B0,163,['Adenine deaminase'],Homodimer.,"['ade', 'Ethha_0833']",2
E6U3B2,164,['N-acylglucosamine 2-epimerase'],Homodimer.,['Ethha_0835'],2
E6U3B3,165,"['Glucokinase', 'Glucose kinase', 'Phosphohexomutase', 'Phosphomannose isomerase']",Homodimer.,['Ethha_0836'],2
E6U3B5,166,['6-phospho-beta-glucosidase'],Homodimer.,['Ethha_0838'],2
E6U3B7,167,['Glycoside hydrolase family 1'],Homodimer.,['Ethha_0840'],2
E6U3B8,168,['Phosphotransferase system PTS lactose/cellobiose-specific IIA subunit'],Homodimer.,['Ethha_0841'],2
E6U3B9,169,['Phosphotransferase system lactose/cellobiose-specific IIB subunit'],Homodimer.,['Ethha_0842'],2
E6U3C0,170,['Permease IIC component'],Homodimer.,['Ethha_0843'],2
E6U3C5,171,['Transport system permease protein'],Homodimer.,['Ethha_0848'],2
E6U3C7,172,"[""GTP 3',8-cyclase""]",Monomer and homodimer.,"['moaA', 'Ethha_0850']",1
E6U3C8,173,['Molybdenum cofactor synthesis domain protein'],Monomer and homodimer.,['Ethha_0851'],1
E6U3C9,174,['Molybdopterin molybdenumtransferase'],Monomer and homodimer.,['Ethha_0852'],1
E6U3G2,175,"['Phosphoglucomutase', 'Alpha-phosphoglucomutase', 'Glucose phosphomutase']",Monomer and homodimer.,['Ethha_0894'],1
E6U3G3,176,['Phosphohexomutase'],Monomer and homodimer.,['Ethha_0895'],1
E6U3G5,177,['Beta-glucosidase'],Monomer and homodimer.,['Ethha_0897'],1
E6U3G6,178,['Alpha-galactosidase'],Monomer and homodimer.,['Ethha_0898'],1
E6U3H0,179,['Binding-protein-dependent transport systems inner membrane component'],Monomer and homodimer.,['Ethha_0902'],1
E6U3H1,180,['Binding-protein-dependent transport systems inner membrane component'],Monomer and homodimer.,['Ethha_0903'],1
E6U3H3,181,"['Cellobiose 2-epimerase', 'CE']",Monomer and homodimer.,['Ethha_0905'],1
E6U3Q4,182,['Binding-protein-dependent transport systems inner membrane component'],Monomer and homodimer.,['Ethha_0911'],1
E6U3Q5,183,['Binding-protein-dependent transport systems inner membrane component'],Monomer and homodimer.,['Ethha_0912'],1
E6U3Q6,184,['Extracellular solute-binding protein family 1'],Monomer and homodimer.,['Ethha_0913'],1
E6U3Q8,185,['Glycerophosphoryl diester phosphodiesterase'],Monomer and homodimer.,['Ethha_0915'],1
E6U3R0,186,['NUDIX hydrolase'],Monomer and homodimer.,['Ethha_0918'],1
E6U3R1,187,"['Diaminopimelate epimerase', 'DAP epimerase']",Homodimer.,"['dapF', 'Ethha_0919']",2
E6U3R2,188,['LL-diaminopimelate aminotransferase'],Homodimer.,"['dapL', 'Ethha_0920']",2
E6U3R6,189,['Amidohydrolase'],Homodimer.,['Ethha_0924'],2
E6U3R7,190,"['3-isopropylmalate dehydrogenase', '3-IPM-DH', 'Beta-IPM dehydrogenase', 'IMDH']",Homodimer.,"['leuB', 'Ethha_0925']",2
E6U3R8,191,"['3-isopropylmalate dehydratase small subunit', 'Alpha-IPM isomerase', 'IPMI', 'Isopropylmalate isomerase']",Heterodimer of LeuC and LeuD.,"['leuD', 'Ethha_0926']",1
E6U3R9,192,"['3-isopropylmalate dehydratase large subunit', 'Alpha-IPM isomerase', 'IPMI', 'Isopropylmalate isomerase']",Heterodimer of LeuC and LeuD.,"['leuC', 'Ethha_0927']",1
E6U3S1,193,['Acetolactate synthase'],Heterodimer of LeuC and LeuD.,['Ethha_0929'],1
E6U3W4,194,['FAD-dependent pyridine nucleotide-disulfide oxidoreductase'],Heterodimer of LeuC and LeuD.,['Ethha_0978'],1
E6U443,195,['Transport system permease protein'],Heterodimer of LeuC and LeuD.,['Ethha_0990'],1
E6U446,196,['P-type Cu(+) transporter'],Heterodimer of LeuC and LeuD.,['Ethha_0993'],1
E6U450,197,['Transport system permease protein'],Heterodimer of LeuC and LeuD.,['Ethha_0997'],1
E6U451,198,['LPXTG-motif cell wall anchor domain protein'],Heterodimer of LeuC and LeuD.,['Ethha_0998'],1
E6U456,199,['Transport system permease protein'],Heterodimer of LeuC and LeuD.,['Ethha_1003'],1
E6U457,200,['DUF364 domain-containing protein'],Heterodimer of LeuC and LeuD.,['Ethha_1004'],1
E6U459,201,['Pyruvate carboxylase'],Heterodimer of LeuC and LeuD.,['Ethha_1006'],1
E6U466,202,['Isochorismatase hydrolase'],Heterodimer of LeuC and LeuD.,['Ethha_1013'],1
E6U478,203,['Phosphoglucosamine mutase'],Heterodimer of LeuC and LeuD.,"['glmM', 'Ethha_1025']",1
E6U497,204,['Nicotinate phosphoribosyltransferase'],Heterodimer of LeuC and LeuD.,['Ethha_1044'],1
E6U4A8,205,['Cysteine synthase'],Heterodimer of LeuC and LeuD.,['Ethha_1055'],1
E6U4J2,206,['P-type Cu(+) transporter'],Heterodimer of LeuC and LeuD.,['Ethha_1067'],1
E6U4K5,207,"['HAD-superfamily hydrolase, subfamily IA, variant 3']",Heterodimer of LeuC and LeuD.,['Ethha_1080'],1
E6U4L1,208,['GTP cyclohydrolase 1 type 2 homolog'],Heterodimer of LeuC and LeuD.,['Ethha_1086'],1
E6U4L4,209,['GCN5-related N-acetyltransferase'],Heterodimer of LeuC and LeuD.,['Ethha_1089'],1
E6U4L7,210,['Fumarylacetoacetate (FAA) hydrolase'],Heterodimer of LeuC and LeuD.,['Ethha_1092'],1
E6U4M2,211,['Glutamine synthetase catalytic region'],Heterodimer of LeuC and LeuD.,['Ethha_1097'],1
E6U4N0,212,['Ferrous iron transport protein B'],Heterodimer of LeuC and LeuD.,['Ethha_1105'],1
E6U4P8,213,"['Undecaprenyl-diphosphatase', 'Bacitracin resistance protein', 'Undecaprenyl pyrophosphate phosphatase']",Heterodimer of LeuC and LeuD.,"['uppP', 'Ethha_1125']",1
E6U4Y9,214,['asparagine synthase (glutamine-hydrolyzing)'],Heterodimer of LeuC and LeuD.,['Ethha_1144'],1
E6U4Z0,215,['Phosphoribosylformylglycinamidine synthase'],Heterodimer of LeuC and LeuD.,['Ethha_1145'],1
E6U4Z3,216,['serine-type D-Ala-D-Ala carboxypeptidase'],Heterodimer of LeuC and LeuD.,['Ethha_1148'],1
E6U4Z4,217,"['Glucose-6-phosphate isomerase', 'GPI', 'Phosphoglucose isomerase', 'PGI', 'Phosphohexose isomerase', 'PHI']",Heterodimer of LeuC and LeuD.,"['pgi', 'Ethha_1149']",1
E6U501,218,['Glycerol-3-phosphate dehydrogenase [NAD(P)+]'],Heterodimer of LeuC and LeuD.,"['gpsA', 'Ethha_1156']",1
E6U506,219,['O-antigen polymerase'],Heterodimer of LeuC and LeuD.,['Ethha_1161'],1
E6U509,220,['Iron-containing alcohol dehydrogenase'],Heterodimer of LeuC and LeuD.,['Ethha_1164'],1
E6U516,221,['Dihydropyrimidinase'],Heterodimer of LeuC and LeuD.,['Ethha_1171'],1
E6U517,222,['Dihydroprymidine dehydrogenase domain-containing protein'],Heterodimer of LeuC and LeuD.,['Ethha_1172'],1
E6U518,223,['Dihydrothymine dehydrogenase'],Heterodimer of LeuC and LeuD.,['Ethha_1173'],1
E6U520,224,"['Amidase, hydantoinase/carbamoylase family']",Heterodimer of LeuC and LeuD.,['Ethha_1175'],1
E6U526,225,['serine-type D-Ala-D-Ala carboxypeptidase'],Heterodimer of LeuC and LeuD.,['Ethha_1181'],1
E6U535,226,['Diacylglycerol kinase'],Heterodimer of LeuC and LeuD.,['Ethha_1190'],1
E6U5K4,227,['Polyprenyl synthetase'],Heterodimer of LeuC and LeuD.,['Ethha_1212'],1
E6U5K6,228,['1-deoxy-D-xylulose-5-phosphate synthase'],Homodimer.,"['dxs', 'Ethha_1214']",2
E6U5K8,229,['NAD kinase'],Homodimer.,"['nadK', 'Ethha_1216']",2
E6U5R2,230,['AAA ATPase'],Homodimer.,['Ethha_1278'],2
E6U679,231,['Cyclic pyranopterin monophosphate synthase'],Homohexamer; trimer of dimers.,"['moaC', 'Ethha_1306']",6
E6U692,232,['MscS Mechanosensitive ion channel'],Homohexamer; trimer of dimers.,['Ethha_1319'],6
E6U693,233,['Anthranilate synthase component 1'],Heterotetramer consisting of two non-identical subunits: a beta subunit (TrpG) and a large alpha subunit (TrpE).,"['trpE', 'Ethha_1320']",2
E6U694,234,['Glutamine amidotransferase of anthranilate synthase'],Heterotetramer consisting of two non-identical subunits: a beta subunit (TrpG) and a large alpha subunit (TrpE).,['Ethha_1321'],2
E6U695,235,['Anthranilate phosphoribosyltransferase'],Homodimer.,"['trpD', 'Ethha_1322']",2
E6U696,236,"['Indole-3-glycerol phosphate synthase', 'IGPS']",Homodimer.,"['trpC', 'Ethha_1323']",2
E6U697,237,"[""N-(5'-phosphoribosyl)anthranilate isomerase"", 'PRAI']",Homodimer.,"['trpF', 'Ethha_1324']",2
E6U698,238,['Tryptophan synthase beta chain'],Tetramer of two alpha and two beta chains.,"['trpB', 'Ethha_1325']",2
E6U699,239,['Tryptophan synthase alpha chain'],Tetramer of two alpha and two beta chains.,"['trpA', 'Ethha_1326']",2
E6U6A1,240,['Thioredoxin'],Tetramer of two alpha and two beta chains.,['Ethha_1328'],2
E6U6A3,241,"['2-C-methyl-D-erythritol 4-phosphate cytidylyltransferase', '4-diphosphocytidyl-2C-methyl-D-erythritol synthase', 'MEP cytidylyltransferase', 'MCT']",Tetramer of two alpha and two beta chains.,"['ispD', 'Ethha_1330']",2
E6U6A4,242,"['2-C-methyl-D-erythritol 2,4-cyclodiphosphate synthase']",Homotrimer.,"['ispF', 'Ethha_1331']",3
E6U6A6,243,['AMP-dependent synthetase and ligase'],Homotrimer.,['Ethha_1333'],3
E6U6A7,244,['Natural resistance-associated macrophage protein'],Homotrimer.,['Ethha_1334'],3
E6U6B5,245,['UDP-N-acetylenolpyruvoylglucosamine reductase'],Homotrimer.,"['murB', 'Ethha_1342']",3
E6U6C0,246,['ATP-dependent 6-phosphofructokinase'],Homotetramer.,"['pfkA', 'Ethha_1347']",4
E6U6C3,247,"['L-lactate dehydrogenase', 'L-LDH']",Homotetramer.,"['ldh', 'Ethha_1350']",4
E6U6T8,248,['Trk system potassium uptake protein TrkA'],Homotetramer.,['Ethha_1367'],4
E6U6U1,249,"['UDP-N-acetylmuramoylalanine--D-glutamate ligase', 'D-glutamic acid-adding enzyme', 'UDP-N-acetylmuramoyl-L-alanyl-D-glutamate synthetase']",Homotetramer.,"['murD', 'Ethha_1370']",4
E6U6U7,250,['Methylenetetrahydrofolate reductase'],Homotetramer.,['Ethha_1376'],4
E6U6U8,251,['Vitamin B12 dependent methionine synthase activation region'],Homotetramer.,['Ethha_1377'],4
E6U6U9,252,['Methionine synthase'],Homotetramer.,['Ethha_1378'],4
E6U6V0,253,['Biotin synthase'],Homodimer.,"['bioB', 'Ethha_1379']",2
E6U6V1,254,['Biotin transporter'],Homodimer.,['Ethha_1380'],2
E6U6V2,255,"['Bifunctional ligase/repressor BirA', 'Biotin--[acetyl-CoA-carboxylase] ligase', 'Biotin--protein ligase', 'Biotin-[acetyl-CoA carboxylase] synthetase']",Homodimer.,"['birA', 'Ethha_1381']",2
E6U6V3,256,"['2,3-bisphosphoglycerate-dependent phosphoglycerate mutase']",Homodimer.,"['gpmA', 'Ethha_1382']",2
E6U6V6,257,['Aldehyde-alcohol dehydrogenase'],Homodimer.,['Ethha_1385'],2
E6U6V9,258,"['Aconitate hydratase A', 'Iron-responsive protein-like', 'RNA-binding protein']",Monomer.,['Ethha_1388'],1
E6U6W7,259,['GCN5-related N-acetyltransferase'],Monomer.,['Ethha_1397'],1
E6U6X5,260,['GCN5-related N-acetyltransferase'],Monomer.,['Ethha_1405'],1
E6U6Y0,261,['Cell wall hydrolase/autolysin'],Monomer.,['Ethha_1410'],1
E6U6Y6,262,['Pyrroline-5-carboxylate reductase'],Monomer.,"['proC', 'Ethha_1416']",1
E6U6Z4,263,['Aspartate-semialdehyde dehydrogenase'],Monomer.,['Ethha_1424'],1
E6U6Z5,264,"['4-hydroxy-tetrahydrodipicolinate synthase', 'HTPA synthase']",Homotetramer; dimer of dimers.,"['dapA', 'Ethha_1425']",4
E6U6Z6,265,"['4-hydroxy-tetrahydrodipicolinate reductase', 'HTPA reductase']",Homotetramer.,"['dapB', 'Ethha_1426']",4
E6U6Z9,266,['Mannosyl-glycoprotein endo-beta-N-acetylglucosaminidase'],Homotetramer.,['Ethha_1429'],4
E6U700,267,['Phosphopantothenoylcysteine decarboxylase'],Homotetramer.,['Ethha_1430'],4
E6U701,268,['DNA/pantothenate metabolism flavoprotein domain protein'],Homotetramer.,['Ethha_1431'],4
E6U703,269,"['Phosphoribosyl-ATP pyrophosphatase', 'PRA-PH']",Homotetramer.,"['hisE', 'Ethha_1433']",4
E6U704,270,"['Phosphoribosyl-AMP cyclohydrolase', 'PRA-CH']",Homodimer.,"['hisI', 'Ethha_1434']",2
E6U705,271,"['Imidazole glycerol phosphate synthase subunit HisF', 'IGP synthase cyclase subunit', 'IGP synthase subunit HisF', 'ImGP synthase subunit HisF', 'IGPS subunit HisF']",Heterodimer of HisH and HisF.,"['hisF', 'Ethha_1435']",1
E6U706,272,['1-(5-phosphoribosyl)-5-[(5-phosphoribosylamino)methylideneamino] imidazole-4-carboxamide isomerase'],Heterodimer of HisH and HisF.,"['hisA', 'Ethha_1436']",1
E6U707,273,"['Imidazole glycerol phosphate synthase subunit HisH', 'IGP synthase glutaminase subunit', 'IGP synthase subunit HisH', 'ImGP synthase subunit HisH', 'IGPS subunit HisH']",Heterodimer of HisH and HisF.,"['hisH', 'Ethha_1437']",1
E6U708,274,"['Imidazoleglycerol-phosphate dehydratase', 'IGPD']",Heterodimer of HisH and HisF.,"['hisB', 'Ethha_1438']",1
E6U7F3,275,['Aminotransferase class I and II'],Heterodimer of HisH and HisF.,['Ethha_1439'],1
E6U7F4,276,"['Histidinol dehydrogenase', 'HDH']",Heterodimer of HisH and HisF.,"['hisD', 'Ethha_1440']",1
E6U7F5,277,['ATP phosphoribosyltransferase'],Heteromultimer composed of HisG and HisZ subunits.,"['hisG', 'Ethha_1441']",1
E6U7F6,278,['ATP phosphoribosyltransferase regulatory subunit'],Heteromultimer composed of HisG and HisZ subunits.,"['hisZ', 'Ethha_1442']",1
E6U7F9,279,['Multifunctional fusion protein'],Heteromultimer composed of HisG and HisZ subunits.,"['msrB', 'msrA', 'Ethha_1445']",1
E6U7G0,280,['Trans-aconitate 2-methyltransferase'],Heteromultimer composed of HisG and HisZ subunits.,['Ethha_1446'],1
E6U7G3,281,['ABC transporter related protein'],Heteromultimer composed of HisG and HisZ subunits.,['Ethha_1449'],1
E6U7G7,282,['Glycoside hydrolase family 1'],Heteromultimer composed of HisG and HisZ subunits.,['Ethha_1453'],1
E6U7H2,283,"['4-hydroxy-3-methylbut-2-enyl diphosphate reductase', 'HMBPP reductase']",Heteromultimer composed of HisG and HisZ subunits.,"['ispH', 'Ethha_1458']",1
E6U7H3,284,['1-acyl-sn-glycerol-3-phosphate acyltransferase'],Heteromultimer composed of HisG and HisZ subunits.,['Ethha_1459'],1
E6U7H4,285,"['Cytidylate kinase', 'CK']",Heteromultimer composed of HisG and HisZ subunits.,"['cmk', 'Ethha_1460']",1
E6U7I0,286,['nucleoside-diphosphate kinase'],Heteromultimer composed of HisG and HisZ subunits.,['Ethha_1466'],1
E6U7I3,287,['5-formyltetrahydrofolate cyclo-ligase'],Heteromultimer composed of HisG and HisZ subunits.,['Ethha_1469'],1
E6U7I5,288,['GCN5-related N-acetyltransferase'],Heteromultimer composed of HisG and HisZ subunits.,['Ethha_1471'],1
E6U7I7,289,['Guanylate kinase/L-type calcium channel region'],Heteromultimer composed of HisG and HisZ subunits.,['Ethha_1473'],1
E6U7I9,290,"['Glycosyl transferase, WecB/TagA/CpsF family']",Heteromultimer composed of HisG and HisZ subunits.,['Ethha_1475'],1
E6U7J1,291,"['S-ribosylhomocysteine lyase', 'AI-2 synthesis protein', 'Autoinducer-2 production protein LuxS']",Homodimer.,['Ethha_1477'],2
E6U7J5,292,['Cytidylate kinase'],Homodimer.,['Ethha_1481'],2
E6U7J6,293,['Cof-like hydrolase'],Homodimer.,['Ethha_1482'],2
E6U7J8,294,['Phosphoenolpyruvate-protein phosphotransferase'],Homodimer.,['Ethha_1484'],2
E6U7J9,295,"['Phosphotransferase system, phosphocarrier protein HPr']",Homodimer.,['Ethha_1485'],2
E6U7K0,296,['Tagatose-6-phosphate kinase'],Homodimer.,['Ethha_1486'],2
E6U7K4,297,['tetrahydrofolate synthase'],Monomer.,['Ethha_1490'],1
E6U7L0,298,['Thiazole synthase'],Homotetramer. Forms heterodimers with either ThiH or ThiS.,"['thiG', 'Ethha_1496']",4
E6U7L1,299,['Thiazole biosynthesis protein ThiH'],Homotetramer. Forms heterodimers with either ThiH or ThiS.,['Ethha_1497'],4
E6U7L2,300,['Thiamine-phosphate synthase'],Homotetramer. Forms heterodimers with either ThiH or ThiS.,"['thiE', 'Ethha_1498']",4
E6U7L6,301,['Isochorismatase hydrolase'],Homotetramer. Forms heterodimers with either ThiH or ThiS.,['Ethha_1502'],4
E6U7L7,302,['Glyceraldehyde-3-phosphate dehydrogenase'],Homotetramer.,['Ethha_1503'],4
E6U7M3,303,['Carboxymuconolactone decarboxylase'],Homotetramer.,['Ethha_1510'],4
E6U838,304,['Peptidase S11 D-alanyl-D-alanine carboxypeptidase 1'],Homotetramer.,['Ethha_1521'],4
E6U848,305,['Aspartate carbamoyltransferase'],Homotetramer.,"['pyrB', 'Ethha_1531']",4
E6U852,306,['ABC transporter related protein'],Homotetramer.,['Ethha_1535'],4
E6U854,307,"['dTDP-glucose 4,6-dehydratase']",Homotetramer.,['Ethha_1537'],4
E6U855,308,"['dTDP-4-dehydrorhamnose 3,5-epimerase']",Homodimer.,['Ethha_1538'],2
E6U856,309,['dTDP-4-dehydrorhamnose reductase'],Homodimer.,['Ethha_1539'],2
E6U858,310,['Glucose-1-phosphate thymidylyltransferase'],Homodimer.,['Ethha_1541'],2
E6U864,311,['Phosphoglycerate kinase'],Monomer.,"['pgk', 'Ethha_1547']",1
E6U865,312,['Triosephosphate isomerase'],Homodimer.,"['tpiA', 'Ethha_1548']",2
E6U866,313,"['2,3-bisphosphoglycerate-independent phosphoglycerate mutase']",Monomer.,"['gpmI', 'Ethha_1549']",1
E6U875,314,['Pyruvate carboxyltransferase'],Monomer.,['Ethha_1558'],1
E6U876,315,['Pyruvate carboxyltransferase'],Monomer.,['Ethha_1559'],1
E6U880,316,['Nitrogenase molybdenum-iron protein beta chain'],Tetramer of two alpha and two beta chains. Forms complex with the iron protein (nitrogenase component 2).,['Ethha_1563'],2
E6U881,317,['Nitrogenase protein alpha chain'],Tetramer of two alpha and two beta chains. Forms complex with the iron protein (nitrogenase component 2).,['Ethha_1564'],2
E6U884,318,"['Nitrogenase iron protein', 'Nitrogenase Fe protein', 'Nitrogenase component II', 'Nitrogenase reductase']",Homodimer.,"['nifH', 'Ethha_1567']",2
E6U887,319,"['DNA binding domain protein, excisionase family']",Homodimer.,['Ethha_1570'],2
E6U894,320,"['Aldoketomutase', 'Ketone-aldehyde mutase', 'Methylglyoxalase', 'S-D-lactoylglutathione methylglyoxal lyase']",Homodimer.,['Ethha_1577'],2
E6U8Q4,321,['Urease accessory protein UreE'],Homodimer.,"['ureE', 'Ethha_1604']",2
E6U8Q8,322,['UDP-N-acetylglucosamine 2-epimerase (non-hydrolyzing)'],Homodimer.,['Ethha_1608'],2
E6U8R1,323,['Agmatinase'],Homodimer.,['Ethha_1611'],2
E6U8R3,324,['S-adenosylmethionine decarboxylase proenzyme'],Heterooctamer of four alpha and four beta chains arranged as a tetramer of alpha/beta heterodimers.,"['speD', 'Ethha_1613']",1
E6U8R7,325,['4-hydroxy-3-methylbut-2-en-1-yl diphosphate synthase (flavodoxin)'],Heterooctamer of four alpha and four beta chains arranged as a tetramer of alpha/beta heterodimers.,"['ispG', 'Ethha_1617']",1
E6U8R9,326,"['1-deoxy-D-xylulose 5-phosphate reductoisomerase', 'DXP reductoisomerase', '1-deoxyxylulose-5-phosphate reductoisomerase', '2-C-methyl-D-erythritol 4-phosphate synthase']",Heterooctamer of four alpha and four beta chains arranged as a tetramer of alpha/beta heterodimers.,"['dxr', 'Ethha_1619']",1
E6U8S0,327,['Phosphatidate cytidylyltransferase'],Heterooctamer of four alpha and four beta chains arranged as a tetramer of alpha/beta heterodimers.,['Ethha_1620'],1
E6U8S1,328,['Isoprenyl transferase'],Homodimer.,['Ethha_1621'],2
E6U8S2,329,"['Ribosome-recycling factor', 'RRF']",Homodimer.,"['frr', 'Ethha_1622']",2
E6U8S3,330,"['Uridylate kinase', 'UK']",Homohexamer.,"['pyrH', 'Ethha_1623']",6
E6U8S8,331,['RNA polymerase sigma factor'],Homohexamer.,['Ethha_1628'],6
E6U8T0,332,['Sugar (Glycoside-Pentoside-Hexuronide) transporter'],Homohexamer.,['Ethha_1630'],6
E6U8U2,333,['Putative competence-damage inducible protein'],Homohexamer.,"['cinA', 'Ethha_1642']",6
E6U8U5,334,"['CTP synthase', ""Cytidine 5'-triphosphate synthase"", 'Cytidine triphosphate synthetase']",Homotetramer.,"['pyrG', 'Ethha_1645']",4
E6U8U9,335,['Bifunctional protein FolD'],Homodimer.,"['folD', 'Ethha_1649']",2
E6U8V7,336,['Formate acetyltransferase'],Homodimer.,['Ethha_1657'],2
E6U972,337,"['GMP synthase [glutamine-hydrolyzing]', 'GMP synthetase', 'Glutamine amidotransferase']",Homodimer.,"['guaA', 'Ethha_1704']",2
E6U974,338,['Formate--tetrahydrofolate ligase'],Homodimer.,"['fhs', 'Ethha_1706']",2
E6U977,339,"['Sugar-phosphate isomerase, RpiB/LacA/LacB family']",Homodimer.,['Ethha_1709'],2
E6U978,340,"['Uracil phosphoribosyltransferase', 'UMP pyrophosphorylase', 'UPRTase']",Homodimer.,"['upp', 'Ethha_1710']",2
E6U984,341,['ABC-3 protein'],Homodimer.,['Ethha_1716'],2
E6U985,342,['ABC transporter related protein'],Homodimer.,['Ethha_1717'],2
E6U990,343,['O-acetylserine (thiol)-lyase'],Homodimer.,['Ethha_1722'],2
E6U991,344,['Cys/Met metabolism pyridoxal-phosphate-dependent protein'],Homodimer.,['Ethha_1723'],2
E6U992,345,['Cys/Met metabolism pyridoxal-phosphate-dependent protein'],Homodimer.,['Ethha_1724'],2
E6U993,346,['Aminotransferase'],Homodimer.,['Ethha_1725'],2
E6U994,347,['Iron-containing alcohol dehydrogenase'],Homodimer.,['Ethha_1726'],2
E6U995,348,['Binding-protein-dependent transport systems inner membrane component'],Homodimer.,['Ethha_1727'],2
E6U996,349,['ABC transporter related protein'],Homodimer.,['Ethha_1728'],2
E6U997,350,['Aminotransferase class I and II'],Homodimer.,['Ethha_1729'],2
E6U998,351,['NLPA lipoprotein'],Homodimer.,['Ethha_1730'],2
E6U9A4,352,['Glycerol dehydrogenase'],Homodimer.,['Ethha_1736'],2
E6U9B2,353,"['Hydroxylamine reductase', 'Hybrid-cluster protein', 'HCP', 'Prismane protein']",Homodimer.,"['hcp', 'Ethha_1745']",2
E6U9J5,354,"['Potassium-transporting ATPase KdpC subunit', 'ATP phosphohydrolase [potassium-transporting] C chain', 'Potassium-binding and translocating subunit C', 'Potassium-translocating ATPase C chain']","The system is composed of three essential subunits: KdpA, KdpB and KdpC.","['kdpC', 'Ethha_1755']",1
E6U9J6,355,"['Potassium-transporting ATPase ATP-binding subunit', 'ATP phosphohydrolase [potassium-transporting] B chain', 'Potassium-binding and translocating subunit B', 'Potassium-translocating ATPase B chain']","The system is composed of three essential subunits: KdpA, KdpB and KdpC.","['kdpB', 'Ethha_1756']",1
E6U9J7,356,"['Potassium-transporting ATPase, A subunit']","The system is composed of three essential subunits: KdpA, KdpB and KdpC.",['Ethha_1757'],1
E6U9M1,357,['Alpha-galactosidase'],"The system is composed of three essential subunits: KdpA, KdpB and KdpC.",['Ethha_1782'],1
E6U9M5,358,['Galactokinase'],"The system is composed of three essential subunits: KdpA, KdpB and KdpC.",['Ethha_1786'],1
E6U9M6,359,['Galactose-1-phosphate uridylyltransferase'],"The system is composed of three essential subunits: KdpA, KdpB and KdpC.",['Ethha_1787'],1
E6U9M7,360,['Sucrose 6(F)-phosphate phosphorylase'],"The system is composed of three essential subunits: KdpA, KdpB and KdpC.",['Ethha_1788'],1
E6UA68,361,['GCN5-related N-acetyltransferase'],"The system is composed of three essential subunits: KdpA, KdpB and KdpC.",['Ethha_1907'],1
E6U2Q5,362,"['Undecaprenyl-diphosphatase', 'Bacitracin resistance protein', 'Undecaprenyl pyrophosphate phosphatase']","The system is composed of three essential subunits: KdpA, KdpB and KdpC.","['uppP', 'Ethha_1925']",1
E6U2R1,363,"['Hydroxylamine reductase', 'Hybrid-cluster protein', 'HCP', 'Prismane protein']","The system is composed of three essential subunits: KdpA, KdpB and KdpC.","['hcp', 'Ethha_1934']",1
E6U2T2,364,['Glutamine-dependent NAD(+) synthetase'],"The system is composed of three essential subunits: KdpA, KdpB and KdpC.","['nadE', 'Ethha_1956']",1
E6U2T7,365,"['Holo-[acyl-carrier-protein] synthase', 'Holo-ACP synthase']","The system is composed of three essential subunits: KdpA, KdpB and KdpC.","['acpS', 'Ethha_1961']",1
E6U2U0,366,['ATP:corrinoid adenosyltransferase BtuR/CobO/CobP'],"The system is composed of three essential subunits: KdpA, KdpB and KdpC.",['Ethha_1964'],1
E6U2U2,367,"['Fructose-1,6-bisphosphatase class 3', 'FBPase class 3']","The system is composed of three essential subunits: KdpA, KdpB and KdpC.","['fbp', 'Ethha_1966']",1
E6U2U9,368,['Adenylosuccinate synthetase'],Homodimer.,"['purA', 'Ethha_1973']",2
E6U2V3,369,['CDP-diacylglycerol--glycerol-3-phosphate 3-phosphatidyltransferase'],Homodimer.,['Ethha_1977'],2
E6U339,370,"['Glucose-1-phosphate adenylyltransferase', 'ADP-glucose pyrophosphorylase', 'ADPGlc PPase', 'ADP-glucose synthase']",Homotetramer.,"['glgC', 'Ethha_1993']",4
E6U340,371,"['Glucose-1-phosphate adenylyltransferase, GlgD subunit']",Homotetramer.,['Ethha_1994'],4
E6U341,372,['Glycogen synthase'],Homotetramer.,"['glgA', 'Ethha_1995']",4
E6U347,373,"['PTS system, fructose subfamily, IIC subunit']",Homotetramer.,['Ethha_2001'],4
E6U348,374,['PfkB domain protein'],Homotetramer.,['Ethha_2002'],4
E6U350,375,['Acetate kinase'],Homodimer.,"['ackA', 'Ethha_2004']",2
E6U353,376,['pyridoxal kinase'],Homodimer.,['Ethha_2007'],2
E6U357,377,"['Histidinol-phosphatase', 'HolPase']",Homodimer.,['Ethha_2011'],2
E6U381,378,['Aminoglycoside phosphotransferase'],Homodimer.,['Ethha_2036'],2
E6U385,379,['UBA/THIF-type NAD/FAD binding protein'],Homodimer.,['Ethha_2040'],2
E6U392,380,['Uridine phosphorylase'],Homodimer.,['Ethha_2047'],2
E6U396,381,"['UDP-N-acetylglucosamine 1-carboxyvinyltransferase', 'Enoylpyruvate transferase', 'UDP-N-acetylglucosamine enolpyruvyl transferase', 'EPT']",Homodimer.,"['murA', 'Ethha_2051']",2
E6U398,382,['Phospho-N-acetylmuramoyl-pentapeptide-transferase'],Homodimer.,"['mraY', 'Ethha_2053']",2
E6U399,383,['UDP-N-acetylmuramoyl-tripeptide--D-alanyl-D-alanine ligase'],Homodimer.,"['murF', 'Ethha_2054']",2
E6U3A0,384,"['UDP-N-acetylmuramoyl-L-alanyl-D-glutamate--2,6-diaminopimelate ligase', 'Meso-A2pm-adding enzyme', 'Meso-diaminopimelate-adding enzyme', 'UDP-MurNAc-L-Ala-D-Glu:meso-diaminopimelate ligase', 'UDP-MurNAc-tripeptide synthetase', 'UDP-N-acetylmuramyl-tripeptide synthetase']",Homodimer.,"['murE', 'Ethha_2055']",2
E6U3A6,385,"['Phosphopantetheine adenylyltransferase', 'Dephospho-CoA pyrophosphorylase', 'Pantetheine-phosphate adenylyltransferase', 'PPAT']",Homohexamer.,"['coaD', 'Ethha_2061']",6
E6U3J9,386,"['Ribose-phosphate pyrophosphokinase', 'RPPK', '5-phospho-D-ribosyl alpha-1-diphosphate synthase', 'Phosphoribosyl diphosphate synthase', 'Phosphoribosyl pyrophosphate synthase']",Homohexamer.,"['prs', 'Ethha_2082']",6
E6U3K0,387,['Bifunctional protein GlmU'],Homotrimer.,"['glmU', 'Ethha_2083']",3
E6U3K7,388,['Phosphoribosyltransferase'],Homotrimer.,['Ethha_2090'],3
E6U3L4,389,['Superoxide dismutase copper/zinc binding protein'],Homotrimer.,['Ethha_2097'],3
E6U3L9,390,['GTP cyclohydrolase 1'],Homopolymer.,"['folE', 'Ethha_2102']",1
E6U3M0,391,['Dihydropteroate synthase'],Homopolymer.,['Ethha_2103'],1
E6U3M1,392,"['7,8-dihydroneopterin aldolase']",Homopolymer.,['Ethha_2104'],1
E6U3M2,393,['2-amino-4-hydroxy-6-hydroxymethyldihydropteridine diphosphokinase'],Homopolymer.,['Ethha_2105'],1
E6U3M5,394,['thiamine diphosphokinase'],Homopolymer.,['Ethha_2108'],1
E6U3M6,395,['Small ribosomal subunit biogenesis GTPase RsgA'],"Monomer. Associates with 30S ribosomal subunit, binds 16S rRNA.","['rsgA', 'Ethha_2109']",1
E6U3N5,396,['Guanylate kinase'],"Monomer. Associates with 30S ribosomal subunit, binds 16S rRNA.","['gmk', 'Ethha_2118']",1
E6U3N9,397,['serine-type D-Ala-D-Ala carboxypeptidase'],"Monomer. Associates with 30S ribosomal subunit, binds 16S rRNA.",['Ethha_2122'],1
E6U3X7,398,"['5-methyltetrahydropteroyltriglutamate--homocysteine methyltransferase', 'Cobalamin-independent methionine synthase', 'Methionine synthase, vitamin-B12 independent isozyme']","Monomer. Associates with 30S ribosomal subunit, binds 16S rRNA.","['metE', 'Ethha_2140']",1
E6U3Y5,399,['Ammonium transporter'],"Monomer. Associates with 30S ribosomal subunit, binds 16S rRNA.",['Ethha_2148'],1
E6U3Z8,400,['biotin--[biotin carboxyl-carrier protein] ligase'],"Monomer. Associates with 30S ribosomal subunit, binds 16S rRNA.",['Ethha_2161'],1
E6U410,401,['Arginine decarboxylase'],"Monomer. Associates with 30S ribosomal subunit, binds 16S rRNA.",['Ethha_2173'],1
E6U411,402,['Alanine racemase'],"Monomer. Associates with 30S ribosomal subunit, binds 16S rRNA.",['Ethha_2174'],1
E6U415,403,"['ATPase, P-type (Transporting), HAD superfamily, subfamily IC']","Monomer. Associates with 30S ribosomal subunit, binds 16S rRNA.",['Ethha_2178'],1
E6U417,404,"['Type III pantothenate kinase', 'PanK-III', 'Pantothenic acid kinase']",Homodimer.,"['coaX', 'Ethha_2180']",2
E6U426,405,['Aldo/keto reductase'],Homodimer.,['Ethha_2189'],2
E6U430,406,['UTP--glucose-1-phosphate uridylyltransferase'],Homodimer.,['Ethha_2193'],2
E6U435,407,['Ammonium transporter'],Homodimer.,['Ethha_2198'],2
E6U4B4,408,['Aminotransferase'],Homodimer.,['Ethha_2204'],2
E6U4C4,409,['deoxyribose-phosphate aldolase'],Homodimer.,['Ethha_2216'],2
E6U4D0,410,['ABC transporter related protein'],Homodimer.,['Ethha_2222'],2
E6U4E9,411,["Pyridoxal-5'-phosphate-dependent protein beta subunit"],Homodimer.,['Ethha_2242'],2
E6U4F3,412,['Histidinol-phosphate aminotransferase'],Homodimer.,"['hisC', 'Ethha_2246']",2
E6U4F5,413,['Amidinotransferase'],Homodimer.,['Ethha_2248'],2
E6U4F8,414,['D-isomer specific 2-hydroxyacid dehydrogenase NAD-binding protein'],Homodimer.,['Ethha_2251'],2
E6U4G8,415,['Sodium/hydrogen exchanger'],Homodimer.,['Ethha_2261'],2
E6U4Q9,416,['Hypoxanthine phosphoribosyltransferase'],Homodimer.,['Ethha_2281'],2
E6U4R6,417,['Nucleotidyl transferase'],Homodimer.,['Ethha_2288'],2
E6U4S2,418,['glutamate synthase (NADPH)'],Homodimer.,['Ethha_2294'],2
E6U4S6,419,["5'-Nucleotidase domain-containing protein"],Homodimer.,['Ethha_2299'],2
E6U4S8,420,['FAD-dependent pyridine nucleotide-disulfide oxidoreductase'],Homodimer.,['Ethha_2301'],2
E6U4S9,421,['Anaerobic-type carbon monoxide dehydrogenase electron transfer subunit'],Homodimer.,['Ethha_2302'],2
E6U4T4,422,['Transport system permease protein'],Homodimer.,['Ethha_2307'],2
E6U4T6,423,"['Nitrogenase iron protein', 'Nitrogenase Fe protein', 'Nitrogenase component II', 'Nitrogenase reductase']",Homodimer.,"['nifH', 'Ethha_2309']",2
E6U4T9,424,['nitrogenase'],Homodimer.,['Ethha_2312'],2
E6U4U0,425,['nitrogenase'],"Hexamer of two alpha, two beta, and two delta chains.",['Ethha_2313'],1
E6U4U1,426,['Oxidoreductase/nitrogenase component 1'],"Hexamer of two alpha, two beta, and two delta chains.",['Ethha_2314'],1
E6U4U6,427,['Pyruvate carboxyltransferase'],"Hexamer of two alpha, two beta, and two delta chains.",['Ethha_2319'],1
E6U4U7,428,['Homocitrate synthase'],"Hexamer of two alpha, two beta, and two delta chains.",['Ethha_2320'],1
E6U4V7,429,['Nitrilase/cyanide hydratase and apolipoprotein N-acyltransferase'],"Hexamer of two alpha, two beta, and two delta chains.",['Ethha_2331'],1
E6U4V8,430,['Biotin carboxylase'],"Hexamer of two alpha, two beta, and two delta chains.",['Ethha_2332'],1
E6U4V9,431,"['Urea ABC transporter, ATP-binding protein UrtE']","Hexamer of two alpha, two beta, and two delta chains.",['Ethha_2333'],1
E6U4W0,432,"['Urea ABC transporter, ATP-binding protein UrtD']","Hexamer of two alpha, two beta, and two delta chains.",['Ethha_2334'],1
E6U4W1,433,['Inner-membrane translocator'],"Hexamer of two alpha, two beta, and two delta chains.",['Ethha_2335'],1
E6U4W2,434,['Inner-membrane translocator'],"Hexamer of two alpha, two beta, and two delta chains.",['Ethha_2336'],1
E6U4W3,435,"['ABC transporter, periplasmic solute-binding protein, putative']","Hexamer of two alpha, two beta, and two delta chains.",['Ethha_2337'],1
E6U4X6,436,['GDP-L-fucose synthase'],"Hexamer of two alpha, two beta, and two delta chains.","['fcl', 'Ethha_2356']",1
E6U4X8,437,"['GDP-mannose 4,6-dehydratase']","Hexamer of two alpha, two beta, and two delta chains.","['gmd', 'Ethha_2358']",1
E6U569,438,"['Undecaprenyl-diphosphatase', 'Bacitracin resistance protein', 'Undecaprenyl pyrophosphate phosphatase']","Hexamer of two alpha, two beta, and two delta chains.","['uppP', 'Ethha_2383']",1
E6U570,439,['Quinolinate synthase'],"Hexamer of two alpha, two beta, and two delta chains.","['nadA', 'Ethha_2384']",1
E6U583,440,['Extracellular solute-binding protein family 1'],"Hexamer of two alpha, two beta, and two delta chains.",['Ethha_2397'],1
E6U585,441,['Binding-protein-dependent transport systems inner membrane component'],"Hexamer of two alpha, two beta, and two delta chains.",['Ethha_2399'],1
E6U586,442,['ABC transporter related protein'],"Hexamer of two alpha, two beta, and two delta chains.",['Ethha_2400'],1
E6U596,443,['Amidase'],"Hexamer of two alpha, two beta, and two delta chains.",['Ethha_2411'],1
E6U5X1,444,['Anaerobic ribonucleoside-triphosphate reductase-activating protein'],"Hexamer of two alpha, two beta, and two delta chains.",['Ethha_2495'],1
E6U5X2,445,['Anaerobic ribonucleoside-triphosphate reductase'],"Hexamer of two alpha, two beta, and two delta chains.",['Ethha_2496'],1
E6U5X3,446,['Orotate phosphoribosyltransferase'],Homodimer.,"['pyrE', 'Ethha_2497']",2
E6U5Y5,447,['UDP-N-acetylmuramate--L-alanine ligase'],Homodimer.,"['murC', 'Ethha_2509']",2
E6U6E2,448,['TDP-4-keto-6-deoxy-D-glucose transaminase'],Homodimer.,['Ethha_2519'],2
E6U712,449,"['Alpha-1,4 glucan phosphorylase']",Homodimer.,['Ethha_2589'],2
E6U713,450,"['4-alpha-glucanotransferase', 'Amylomaltase', 'Disproportionating enzyme']",Homodimer.,['Ethha_2590'],2
E6U727,451,['Glyceraldehyde-3-phosphate dehydrogenase'],Homotetramer.,['Ethha_2604'],4
E6U731,452,"['2-isopropylmalate synthase', 'Alpha-IPM synthase', 'Alpha-isopropylmalate synthase']",Homodimer.,"['leuA', 'Ethha_2608']",2
E6U733,453,['Alanine racemase'],Homodimer.,['Ethha_2610'],2
E6U745,454,['2-dehydropantoate 2-reductase'],Homodimer.,['Ethha_2622'],2
E6U766,455,"['Acyl carrier protein', 'ACP']",Homodimer.,"['acpP', 'Ethha_2643']",2
E6U767,456,['Acetyl-coenzyme A carboxylase carboxyl transferase subunit alpha'],"Acetyl-CoA carboxylase is a heterohexamer composed of biotin carboxyl carrier protein (AccB), biotin carboxylase (AccC) and two subunits each of ACCase subunit alpha (AccA) and ACCase subunit beta (AccD).","['accA', 'Ethha_2644']",1
E6U768,457,['Acetyl-coenzyme A carboxylase carboxyl transferase subunit beta'],"Acetyl-CoA carboxylase is a heterohexamer composed of biotin carboxyl carrier protein (AccB), biotin carboxylase (AccC) and two subunits each of ACCase subunit alpha (AccA) and ACCase subunit beta (AccD).","['accD', 'Ethha_2645']",1
E6U769,458,['Biotin carboxylase'],"Acetyl-CoA carboxylase is a heterohexamer of biotin carboxyl carrier protein, biotin carboxylase and the two subunits of carboxyl transferase in a 2:2 complex.",['Ethha_2646'],1
E6U770,459,['Beta-hydroxyacyl-(Acyl-carrier-protein) dehydratase FabA/FabZ'],"Acetyl-CoA carboxylase is a heterohexamer of biotin carboxyl carrier protein, biotin carboxylase and the two subunits of carboxyl transferase in a 2:2 complex.",['Ethha_2647'],1
E6U771,460,['Biotin carboxyl carrier protein of acetyl-CoA carboxylase'],"Acetyl-CoA carboxylase is a heterohexamer of biotin carboxyl carrier protein, biotin carboxylase and the two subunits of carboxyl transferase in a 2:2 complex.",['Ethha_2648'],1
E6U772,461,['3-oxoacyl-[acyl-carrier-protein] synthase 2'],"Acetyl-CoA carboxylase is a heterohexamer of biotin carboxyl carrier protein, biotin carboxylase and the two subunits of carboxyl transferase in a 2:2 complex.",['Ethha_2649'],1
E6U773,462,['3-oxoacyl-[acyl-carrier-protein] reductase'],Homotetramer.,['Ethha_2650'],4
E6U774,463,"['Beta-ketoacyl-[acyl-carrier-protein] synthase III', '3-oxoacyl-[acyl-carrier-protein] synthase 3', '3-oxoacyl-[acyl-carrier-protein] synthase III']",Homodimer.,"['fabH', 'Ethha_2651']",2
E6U775,464,['Malonyl CoA-acyl carrier protein transacylase'],Homodimer.,['Ethha_2652'],2
E6U776,465,"['Shikimate dehydrogenase (NADP(+))', 'SDH']",Homodimer.,"['aroE', 'Ethha_2653']",2
E6U777,466,"['Shikimate kinase', 'SK']",Monomer.,"['aroK', 'Ethha_2654']",1
E6U779,467,['Phospho-2-dehydro-3-deoxyheptonate aldolase'],Monomer.,['Ethha_2656'],1
E6U780,468,['Prephenate dehydrogenase'],Monomer.,['Ethha_2657'],1
E6U781,469,"['3-dehydroquinate synthase', 'DHQS']",Monomer.,"['aroB', 'Ethha_2658']",1
E6U7M9,470,['3-phosphoshikimate 1-carboxyvinyltransferase'],Monomer.,"['aroA', 'Ethha_2659']",1
E6U7N0,471,"['Chorismate synthase', 'CS']",Homotetramer.,"['aroC', 'Ethha_2660']",4
E6U7N1,472,"['Bifunctional chorismate mutase/prephenate dehydratase', 'Chorismate mutase-prephenate dehydratase', 'p-protein']",Homotetramer.,['Ethha_2661'],4
E6U7N2,473,"['Enolase', '2-phospho-D-glycerate hydro-lyase', '2-phosphoglycerate dehydratase']",Homotetramer.,"['eno', 'Ethha_2662']",4
E6U7N7,474,['Urease accessory protein UreD'],"UreD, UreF and UreG form a complex that acts as a GTP-hydrolysis-dependent molecular chaperone, activating the urease apoprotein by helping to assemble the nickel containing metallocenter of UreC. The UreE protein probably delivers the nickel.","['ureD', 'Ethha_2667']",2
E6U7N8,475,['Urease accessory protein UreG'],"Homodimer. UreD, UreF and UreG form a complex that acts as a GTP-hydrolysis-dependent molecular chaperone, activating the urease apoprotein by helping to assemble the nickel containing metallocenter of UreC. The UreE protein probably delivers the nickel.","['ureG', 'Ethha_2668']",2
E6U7N9,476,['Urease accessory protein UreF'],"UreD, UreF and UreG form a complex that acts as a GTP-hydrolysis-dependent molecular chaperone, activating the urease apoprotein by helping to assemble the nickel containing metallocenter of UreC. The UreE protein probably delivers the nickel.","['ureF', 'Ethha_2669']",2
E6U7P0,477,['Urease subunit alpha'],"Heterotrimer of UreA (gamma), UreB (beta) and UreC (alpha) subunits. Three heterotrimers associate to form the active enzyme.","['ureC', 'Ethha_2670']",1
E6U7P1,478,['Urease subunit beta'],"Heterotrimer of UreA (gamma), UreB (beta) and UreC (alpha) subunits. Three heterotrimers associate to form the active enzyme.","['ureB', 'Ethha_2671']",1
E6U7P2,479,['Urease subunit gamma'],"Heterotrimer of UreA (gamma), UreB (beta) and UreC (alpha) subunits. Three heterotrimers associate to form the active enzyme.","['ureA', 'Ethha_2672']",1
E6U7P5,480,['Ribose 5-phosphate isomerase B'],"Heterotrimer of UreA (gamma), UreB (beta) and UreC (alpha) subunits. Three heterotrimers associate to form the active enzyme.",['Ethha_2675'],1
E6U7P7,481,"['Polyphosphate kinase', 'ATP-polyphosphate phosphotransferase', 'Polyphosphoric acid kinase']","Heterotrimer of UreA (gamma), UreB (beta) and UreC (alpha) subunits. Three heterotrimers associate to form the active enzyme.","['ppk', 'Ethha_2677']",1
E6U7P8,482,['Ppx/GppA phosphatase'],"Heterotrimer of UreA (gamma), UreB (beta) and UreC (alpha) subunits. Three heterotrimers associate to form the active enzyme.",['Ethha_2678'],1
E6U7Q7,483,"['Adenylosuccinate lyase', 'ASL']","Heterotrimer of UreA (gamma), UreB (beta) and UreC (alpha) subunits. Three heterotrimers associate to form the active enzyme.",['Ethha_2687'],1
E6U7Q9,484,['Lactonase family protein'],"Heterotrimer of UreA (gamma), UreB (beta) and UreC (alpha) subunits. Three heterotrimers associate to form the active enzyme.",['Ethha_2689'],1
E6U7R0,485,['GCN5-related N-acetyltransferase'],"Heterotrimer of UreA (gamma), UreB (beta) and UreC (alpha) subunits. Three heterotrimers associate to form the active enzyme.",['Ethha_2690'],1
E6U7R2,486,['Histidinol-phosphate aminotransferase'],Homodimer.,"['hisC', 'Ethha_2692']",2
E6U7R9,487,['Glutamate synthase (Ferredoxin)'],Homodimer.,['Ethha_2699'],2
E6U7S0,488,['glutamate synthase (NADPH)'],Homodimer.,['Ethha_2700'],2
E6U7S4,489,['Natural resistance-associated macrophage protein'],Homodimer.,['Ethha_2704'],2
E6U7S5,490,"['L-lactate dehydrogenase', 'L-LDH']",Homotetramer.,"['ldh', 'Ethha_2705']",4
E6U7S7,491,"['Fructose-1,6-bisphosphate aldolase, class II']",Homotetramer.,['Ethha_2707'],4
E6U7T1,492,['Phosphate acetyltransferase'],Homotetramer.,['Ethha_2711'],4
E6U7T8,493,['Dephospho-CoA kinase'],Homotetramer.,"['coaE', 'Ethha_2718']",4
E6U7U5,494,['Cd(2+)-exporting ATPase'],Homotetramer.,['Ethha_2725'],4
E6U7U8,495,['Carbonate dehydratase'],Homotetramer.,['Ethha_2728'],4
E6U7U9,496,['GCN5-related N-acetyltransferase'],Homotetramer.,['Ethha_2729'],4
E6U7V0,497,"['Glutamate-1-semialdehyde 2,1-aminomutase', 'GSA']",Homodimer.,"['hemL', 'Ethha_2731']",2
E6U7V1,498,['GCN5-related N-acetyltransferase'],Homodimer.,['Ethha_2732'],2
E6U7V2,499,['Pyruvate:ferredoxin oxidoreductase'],Homodimer.,['Ethha_2733'],2
E6U8B1,500,"['Phosphoglucomutase', 'Alpha-phosphoglucomutase', 'Glucose phosphomutase']",Homodimer.,['Ethha_2738'],2
E6U8C4,501,['Penicillin-binding protein 1A'],Homodimer.,['Ethha_2751'],2
E6U8C5,502,['Conserved repeat domain protein'],Homodimer.,['Ethha_2752'],2
E6U8C7,503,['PTS system mannitol-specific EIICB component'],Homodimer.,['Ethha_2754'],2
E6U8C9,504,"['Mannitol-specific phosphotransferase enzyme IIA component', 'EIIA', 'EIII', 'PTS system mannitol-specific EIIA component']",Homodimer.,['Ethha_2756'],2
E6U8D0,505,['Mannitol-1-phosphate 5-dehydrogenase'],Homodimer.,"['mtlD', 'Ethha_2757']",2
E6U8D1,506,"['Phosphotransferase system, phosphocarrier protein HPr']",Homodimer.,['Ethha_2758'],2
E6U8D8,507,['Aspartokinase'],Homodimer.,['Ethha_2765'],2
E6U8D9,508,['Homoserine kinase'],Homodimer.,"['thrB', 'Ethha_2766']",2
E6U8E0,509,['Homoserine dehydrogenase'],Homodimer.,['Ethha_2767'],2
E6U8E3,510,['Haloacid dehalogenase domain protein hydrolase'],Homodimer.,['Ethha_2770'],2
E6U8E5,511,['Glutathione peroxidase'],Homodimer.,['Ethha_2772'],2
E6U8E8,512,"['dCTP deaminase, dUMP-forming', 'Bifunctional dCTP deaminase:dUTPase', 'DCD-DUT']",Homotrimer.,"['dcd', 'Ethha_2775']",3
E6U8F2,513,['Riboflavin biosynthesis protein'],Homotrimer.,['Ethha_2779'],3
E6U8G1,514,['Acyl-ACP thioesterase'],Homotrimer.,['Ethha_2788'],3
